<?xml version="1.0" encoding="UTF-8" standalone="yes"?>
<manifest>
  <control namespace="HTML2PRINTNamespace" constructor="HTML2PRINT" version="2.0.4" display-name-key="HTML2PRINT" description-key="Print your HTML table easily" control-type="standard" api-version="1.3.5">
    <external-service-usage enabled="false"/>
    <property name="HTMLCode" display-name-key="HTML Code" description-key="HTML_Code" of-type="Multiple" usage="bound" required="true"/>
    <property name="DefaultFilename" display-name-key="Default Filename" description-key="Default name of the saved file" of-type="SingleLine.Text" usage="bound" required="true"/>
    <property name="CustomCss" display-name-key="Custom CSS" description-key="Custom css code to be applied on the page" of-type="Multiple" usage="bound" required="true"/>
    <property name="ButtonText" display-name-key="Button Text" description-key="Text inside that will be shown inside the button" of-type="SingleLine.Text" usage="bound" required="true" default-value="Imprimir"/>
    <property name="ButtonAppearence" display-name-key="Button Appearence" description-key="Button Appearence" usage="input" of-type="Enum" required="false" hidden="false">
      <value name="Primary" display-name-key="Primary" description-key="Primary_Appearence" default="true">Primary</value>
      <value name="Default" display-name-key="Default" description-key="Default_Appearence">Default</value>
    </property>
    <resources>
      <code path="bundle.js" order="1"/>
      <css path="css/AppStyles.css" order="1"/>
    </resources>
    <built-by name="pac" version="1.25.5"/>
  </control>
</manifest>